{
	"person_id": 155,
	"person": null,
	"id": 146,
	"login": "vasilev",
	"status": null,
	"roles": null,
	"assignments": null,
	"token": "jwt eyJ0eXAiOiJKV1QiLCJhbGciOiJIUzI1NiIsImtpZCI6ImM4NGQyYTU0LTgyY2ItNGY5Ny1hYjJhLWE5MmFmNjM2ZmY1OCJ9.eyJpc3MiOiJodHRwOlwvXC9hcGkueXVuZXdzLnByb2plY3RcL3YxXC9hdXRoIiwic3ViamVjdCI6eyJpZCI6MTQ2fSwiYXVkIjpbImh0dHA6XC9cL2FwaS55dW5ld3MucHJvamVjdCJdLCJleHAiOjE1NDU4MzAwNjV9.iGOF9CzAUH2ZEoZzw__JkdGrWO0kH9zTh-HzP9hxrfk",
	"email": null,
	"created_at": "2018-12-20T10:55:42Z"
}