{
  "title": "Аутентификация",
  "login" : "Логин или телефон",
  "login_title": "Вход",
  "logout_title": "Выход из системы",
  "remember_me": "Запомнить",
  "partner_login": "Логин партнера",
  "login_text": "Заполните следующие поля для входа:",
  "signup_text": "Заполните следующие поля, чтобы зарегистрироваться:",
  "if_forgot_password": "Если вы забыли свой пароль, Вы можете ",
  "login_is_blocked": "Пользователь заблокирован",
  "forgot_title": "сбросить пароль",
  "login_action": "Вход",
  "logout_action": "Выход",
  "signup_action": "Регистрация",
  "login_success": "Вы вошли в систему!",
  "login_access_error": "У Вашей роли нет прав доступа к этому разделу!",
  "logout_success": "Вы вышли из системы!",
  "i_forgot_my_password": "Я потерял свой пароль",
  "register_new_user": "Регистрация нового пользователя",
  "incorrect_login_or_password": "Неверный логин или пароль",
  "incorrect_password": "Неверный пароль",
  "weak_password": "Слабый пароль",
  "similar_password": "Похожий пароль",
  "client_code_sms {code}": "Код подтверждения: {code}",
  "invalid_login_or_password": "Неверный пользователь или пароль",
  "token_type_not_found {actual_types}": "Неверный тип токена. Актуальные типы: {actual_types}",
  "empty_token_type_list": "Пустой список возможных типов токена"
}