{
  "title": "Регистрация",
  "create_title": "Создание аккаунта",
  "set_password_title": "Данные для входа",
  "set_password_text": "Укажите свой пароль и почту",
  "set_name_title": "Кто вы?",
  "set_name_text": "Укажите имя и фамилию",
  "set_address_title": "Где вы?",
  "set_address_text": "Укажите адрес",
  "create_action": "Продолжить",
  "save_auth_data_action": "Завершить регистрацию",
  "activation_code_hint": "Код, полученный в СМС",
  "send_activation_code": "Получить код",
  "sms_not_sended": "Смс-сообщение не отправлено",
  "sms_with_code_sended": "Код активации отправлен Вам в СМС!",
  "activate_account_sms {activation_code}": "Регистрация. Код активации: {activation_code}",
  "login_not_valid": "Неверный формат логина",
  "invalid_activation_code": "Неверный код активации",
  "temp_user_not_found": "Временный аккаунт пользователя не найден",
  "user_already_exists_and_activated": "Пользователь уже был зарегистрирован и активирован ранее",
  "user_already_exists_but_not_activation": "SMS с кодом активации уже был отправлен на Ваш номер ранее",
  "user_dont_create_by_unknown_reason": "Пользователь не был создан, попробуйте позже",
  "user_create_success": "Вы успешно прошли регистрацию",
  "activation_success": "Аккаунт ативирован",
  "registration_success": "Регистрация успешно завершена"
}